1|1|komentar1|3|07-Mar-23 12:00:00 AM
2|1|kom|5|07-Aug-22 12:00:00 AM
3|1|komentarcic|2|07-Aug-22 12:00:00 AM
4|2|comm|2|07-Aug-22 12:00:00 AM
5|2|comm|2|07-Aug-21 12:00:00 AM
6|2|comm|2|11-Jan-23 12:00:00 AM
7|3|comm|5|11-Feb-23 12:00:00 AM
8|4|comm|5|11-Feb-22 12:00:00 AM
9|5|comm|3|11-Feb-21 12:00:00 AM
10|6|comm|4|11-Feb-23 12:00:00 AM
11|1|komentar1|3|07-Mar-22 12:00:00 AM
12|1|kom|5|07-Aug-21 12:00:00 AM
13|1|komentarcic|2|07-Aug-21 12:00:00 AM
14|2|comm|2|07-Aug-21 12:00:00 AM
15|2|comm|2|07-Aug-19 12:00:00 AM
16|2|comm|2|11-Jan-18 12:00:00 AM
17|3|comm|5|11-Feb-18 12:00:00 AM
18|4|comm|5|11-Feb-19 12:00:00 AM
19|5|comm|3|11-Feb-18 12:00:00 AM
20|6|comm|4|11-Feb-20 12:00:00 AM
21|1|komentar1|3|07-Mar-19 12:00:00 AM
22|1|kom|5|07-Aug-20 12:00:00 AM
23|1|komentarcic|2|07-Aug-20 12:00:00 AM
24|2|comm|2|07-Aug-19 12:00:00 AM
25|2|comm|2|07-Aug-20 12:00:00 AM
26|2|comm|2|11-Jan-19 12:00:00 AM
27|3|comm|5|11-Feb-20 12:00:00 AM
28|4|comm|5|11-Feb-21 12:00:00 AM
29|5|comm|3|11-Feb-20 12:00:00 AM
30|6|comm|4|11-Jan-22 12:00:00 AM
31|6|comm|4|11-Jun-23 12:00:00 AM
32|6|comm|4|11-Sep-23 12:00:00 AM
33|6|comm|4|11-Apr-19 12:00:00 AM
34|1|treba|5|17-May-23 12:00:00 AM
35|1|treba|5|02-Jun-23 12:00:00 AM
36|1|treba|4|02-Jun-23 12:00:00 AM
37|1|treb|5|02-Jun-23 12:00:00 AM
