1|Biljana Mijic|owner123|Owner|file:///C:/Users/ivana/Desktop/accommodations/profilepicture.jpg
2|Ivana Ilijin|guest1123|Guest1|file:///C:/Users/ivana/Desktop/accommodations/profilepicture.jpg
3|Milica Milic|guest1123|Guest1|file:///C:/Users/ivana/Desktop/accommodations/profilepicture.jpg
4|Jovana Ristic|guest2123|Guest2|file:///C:/Users/ivana/Desktop/accommodations/profilepicture.jpg
5|Marija Ilic|guide123|Guide|file:///C:/Users/ivana/Desktop/accommodations/profilepicture.jpg
6|Pera Peric|owner123|Owner|file:///C:/Users/ivana/Desktop/accommodations/profilepicture.jpg
7|Joka Ristic|guest2123|Guest2|file:///C:/Users/ivana/Desktop/accommodations/profilepicture.jpg
8|Maka Makic|guest2123|Guest2|file:///C:/Users/ivana/Desktop/accommodations/profilepicture.jpg
9|Cica Cicic|guest2123|Guest2|file:///C:/Users/ivana/Desktop/accommodations/profilepicture.jpg
10|Sima Simic|guest2123|Guest2|file:///C:/Users/ivana/Desktop/accommodations/profilepicture.jpg
11|Laza Lazic|guest2123|Guest2|file:///C:/Users/ivana/Desktop/accommodations/profilepicture.jpg
12|Mika Mikic|guest2123|Guest2|file:///C:/Users/ivana/Desktop/accommodations/profilepicture.jpg
13|Sima Siumic|guide123|Guide|file:///C:/Users/ivana/Desktop/accommodations/profilepicture.jpg
14|Nikola Nikolic|guest1123|Guest1|file:///C:/Users/ivana/Desktop/accommodations/profilepicture.jpg
15|Sreten Simic|guest1123|Guest1|file:///C:/Users/ivana/Desktop/accommodations/profilepicture.jpg